{
    "version": 1,
    "author": "Anonymous maker",
    "editor": "wokwi",
    "parts": [
      { "type": "wokwi-esp32-devkit-v1", "id": "esp", "top": 36.66, "left": -110, "attrs": {} },
      {
        "type": "wokwi-hc-sr04",
        "id": "ultrasonic1",
        "top": -46.5,
        "left": 43.9,
        "attrs": { "distance": "48" }
      }
    ],
    "connections": [
      [ "esp:TX0", "$serialMonitor:RX", "", [] ],
      [ "esp:RX0", "$serialMonitor:TX", "", [] ],
      [ "esp:D18", "ultrasonic1:ECHO", "green", [ "h140.2", "v-72.16" ] ],
      [ "esp:D5", "ultrasonic1:TRIG", "orange", [ "h129.53", "v-83.76" ] ],
      [ "esp:GND.1", "ultrasonic1:GND", "black", [ "h0" ] ],
      [ "ultrasonic1:VCC", "esp:VIN", "red", [ "v211.2", "h-249.6", "v-57.6" ] ]
    ],
    "dependencies": {}
  }