{
    "version": 1,
    "author": "Anonymous maker",
    "editor": "wokwi",
    "parts": [
      { "type": "board-esp32-devkit-c-v4", "id": "esp", "top": 0, "left": 0, "attrs": {} },
      { "type": "wokwi-relay-module", "id": "relay1", "top": -38.2, "left": 268.8, "attrs": {} },
      {
        "type": "wokwi-pushbutton",
        "id": "btn1",
        "top": 83,
        "left": 326.4,
        "attrs": { "color": "green", "xray": "1" }
      },
      {
        "type": "wokwi-led",
        "id": "led1",
        "top": 140.4,
        "left": 205.4,
        "attrs": { "color": "red" }
      }
    ],
    "connections": [
      [ "esp:TX", "$serialMonitor:RX", "", [] ],
      [ "esp:RX", "$serialMonitor:TX", "", [] ],
      [ "relay1:VCC", "esp:3V3", "red", [ "h-268.8", "v48" ] ],
      [ "relay1:GND", "esp:GND.2", "black", [ "h-163.2", "v28.4" ] ],
      [ "relay1:IN", "esp:23", "green", [ "h0" ] ],
      [ "btn1:2.l", "esp:GND.2", "green", [ "h-124.8", "v-105.4" ] ],
      [ "btn1:1.l", "esp:19", "green", [ "h0" ] ],
      [ "led1:C", "esp:GND.2", "green", [ "v0", "h-28.4", "v-153.6" ] ],
      [ "led1:A", "esp:18", "green", [ "v0", "h38.4", "v-76.8" ] ]
    ],
    "dependencies": {}
  }